CREATE TABLE PAIS (
    ID_PAIS NUMBER PRIMARY KEY,
    NOME VARCHAR2(30)
);      

CREATE TABLE ESTADO(
    ID_ESTADO NUMBER PRIMARY KEY,
    NOME VARCHAR2(30),
    ID_PAIS NUMBER
);

ALTER TABLE ESTADO ADD CONSTRAINT FK_ESTADO 
FOREIGN KEY (ID_PAIS) REFERENCES PAIS (ID_PAIS);

CREATE TABLE CIDADE (
    ID_CIDADE NUMBER PRIMARY KEY,
    NOME VARCHAR2(30),
    ID_ESTADO NUMBER
);

ALTER TABLE CIDADE ADD CONSTRAINT FK_CIDADE 
FOREIGN KEY (ID_ESTADO) REFERENCES ESTADO (ID_ESTADO);

CREATE TABLE BAIRRO(
    ID_BAIRRO NUMBER PRIMARY KEY,
    NOME VARCHAR2(30),
    ID_CIDADE NUMBER
);

ALTER TABLE BAIRRO ADD CONSTRAINT FK_BAIRRO 
FOREIGN KEY (ID_CIDADE) REFERENCES CIDADE (ID_CIDADE);

CREATE TABLE ENDERECO_CLIENTE (ID_CLIENTE NUMBER PRIMARY KEY,
        NOME VARCHAR2(100), 
        CEP VARCHAR2(12),
        ID_BAIRRO NUMBER
);
        
ALTER TABLE ENDERECO_CLIENTE ADD CONSTRAINT FK_END_CLIENTE
FOREIGN KEY (ID_BAIRRO) REFERENCES BAIRRO (ID_BAIRRO);



-- For table PAIS
INSERT INTO PAIS (ID_PAIS, NOME) VALUES (1, 'Brasil');
INSERT INTO PAIS (ID_PAIS, NOME) VALUES (2, 'Estados Unidos');
INSERT INTO PAIS (ID_PAIS, NOME) VALUES (3, 'Canadá');
INSERT INTO PAIS (ID_PAIS, NOME) VALUES (4, 'Austrália');
INSERT INTO PAIS (ID_PAIS, NOME) VALUES (5, 'Japão');

-- For table ESTADO
INSERT INTO ESTADO (ID_ESTADO, NOME, ID_PAIS) VALUES (1, 'São Paulo', 1);
INSERT INTO ESTADO (ID_ESTADO, NOME, ID_PAIS) VALUES (2, 'California', 2);
INSERT INTO ESTADO (ID_ESTADO, NOME, ID_PAIS) VALUES (3, 'Ontário', 3);
INSERT INTO ESTADO (ID_ESTADO, NOME, ID_PAIS) VALUES (4, 'New South Wales', 4);
INSERT INTO ESTADO (ID_ESTADO, NOME, ID_PAIS) VALUES (5, 'Tóquio', 5);

-- For table CIDADE
INSERT INTO CIDADE (ID_CIDADE, NOME, ID_ESTADO) VALUES (1, 'São Paulo', 1);
INSERT INTO CIDADE (ID_CIDADE, NOME, ID_ESTADO) VALUES (2, 'Los Angeles', 2);
INSERT INTO CIDADE (ID_CIDADE, NOME, ID_ESTADO) VALUES (3, 'Toronto', 3);
INSERT INTO CIDADE (ID_CIDADE, NOME, ID_ESTADO) VALUES (4, 'Sydney', 4);
INSERT INTO CIDADE (ID_CIDADE, NOME, ID_ESTADO) VALUES (5, 'Tóquio', 5);

-- For table BAIRRO
INSERT INTO BAIRRO (ID_BAIRRO, NOME, ID_CIDADE) VALUES (1, 'Jardins', 1);
INSERT INTO BAIRRO (ID_BAIRRO, NOME, ID_CIDADE) VALUES (2, 'Hollywood', 2);
INSERT INTO BAIRRO (ID_BAIRRO, NOME, ID_CIDADE) VALUES (3, 'Downtown', 3);
INSERT INTO BAIRRO (ID_BAIRRO, NOME, ID_CIDADE) VALUES (4, 'Bondi Beach', 4);
INSERT INTO BAIRRO (ID_BAIRRO, NOME, ID_CIDADE) VALUES (5, 'Shibuya', 5);

-- For table ENDERECO_CLIENTE
INSERT INTO ENDERECO_CLIENTE (ID_CLIENTE, NOME, CEP, ID_BAIRRO) VALUES (1, 'João', '12345-678', 1);
INSERT INTO ENDERECO_CLIENTE (ID_CLIENTE, NOME, CEP, ID_BAIRRO) VALUES (2, 'Maria', '98765-432', 2);
INSERT INTO ENDERECO_CLIENTE (ID_CLIENTE, NOME, CEP, ID_BAIRRO) VALUES (3, 'José', '54321-876', 3);
INSERT INTO ENDERECO_CLIENTE (ID_CLIENTE, NOME, CEP, ID_BAIRRO) VALUES (4, 'Ana', '67890-123', 4);
INSERT INTO ENDERECO_CLIENTE (ID_CLIENTE, NOME, CEP, ID_BAIRRO) VALUES (5, 'Carlos', '45678-901', 5);


